{
  "hardness": 65.06475776150722,
  "depth": 64.40057970357645,
  "brightness": 59.37958594196422,
  "roughness": 46.56367319662791,
  "warmth": 47.91702301690805,
  "sharpness": 52.090619194175204,
  "boominess": 39.10252928976278,
  "reverb": 1
}