{
  "hardness": 59.23177240033985,
  "depth": 56.86327894468666,
  "brightness": 64.92219778291715,
  "roughness": 56.01189353084619,
  "warmth": 47.83401668257189,
  "sharpness": 50.5591678046959,
  "boominess": 33.713227876740284,
  "reverb": 1
}