{
  "hardness": 58.810484025889764,
  "depth": 56.9948282570754,
  "brightness": 64.88675240371612,
  "roughness": 54.998572318673425,
  "warmth": 47.807442835148144,
  "sharpness": 50.54771561685029,
  "boominess": 33.76495071153279,
  "reverb": 1
}