{
  "hardness": 59.52839116754134,
  "depth": 56.55487392234103,
  "brightness": 65.05247230931573,
  "roughness": 56.40738582626531,
  "warmth": 47.52515277007796,
  "sharpness": 50.643752889032235,
  "boominess": 33.48421427681586,
  "reverb": 1
}