{
  "hardness": 59.41709826156551,
  "depth": 52.79554250255491,
  "brightness": 62.0151868158209,
  "roughness": 57.24933199848564,
  "warmth": 49.24461641991928,
  "sharpness": 48.42845259710249,
  "boominess": 30.33296122753569,
  "reverb": 1
}