{
  "hardness": 60.831972869838154,
  "depth": 54.05408961815027,
  "brightness": 63.625688996101246,
  "roughness": 58.33392899814777,
  "warmth": 48.67255073229528,
  "sharpness": 50.10973192422157,
  "boominess": 30.88250104401992,
  "reverb": 1
}