{
  "hardness": 60.03732685908304,
  "depth": 54.43837109467452,
  "brightness": 63.47669518652609,
  "roughness": 57.40267720764397,
  "warmth": 48.81723576797927,
  "sharpness": 50.01342444552471,
  "boominess": 31.126801643246026,
  "reverb": 1
}