{
  "hardness": 59.72869781334117,
  "depth": 54.50857937278663,
  "brightness": 63.44882170254027,
  "roughness": 57.20873730967011,
  "warmth": 48.83154657274334,
  "sharpness": 49.992197301568964,
  "boominess": 31.153062317444004,
  "reverb": 1
}