{
  "hardness": 62.67857192707743,
  "depth": 51.84082745810905,
  "brightness": 63.01452954743561,
  "roughness": 59.11852539410792,
  "warmth": 43.83608271297109,
  "sharpness": 50.07851325229956,
  "boominess": 29.51738659637296,
  "reverb": 1
}