{
  "hardness": 63.26162445506159,
  "depth": 50.9658877308146,
  "brightness": 64.0791671319368,
  "roughness": 59.49354454253442,
  "warmth": 42.7414471057252,
  "sharpness": 51.66449875836687,
  "boominess": 28.853996799393986,
  "reverb": 1
}