{
  "hardness": 61.09444021102283,
  "depth": 51.95169614413569,
  "brightness": 62.89026825864968,
  "roughness": 58.21063330003179,
  "warmth": 44.10329863561193,
  "sharpness": 49.9884049812204,
  "boominess": 29.65402723660969,
  "reverb": 1
}