{
  "hardness": 60.66263676284788,
  "depth": 52.76427676335133,
  "brightness": 62.058337188310674,
  "roughness": 57.602105605947145,
  "warmth": 45.07681210937517,
  "sharpness": 48.46858126337982,
  "boominess": 30.278373577048015,
  "reverb": 1
}