{
  "hardness": 61.61033192471831,
  "depth": 52.68735539213735,
  "brightness": 62.154739388836404,
  "roughness": 58.37593794681913,
  "warmth": 44.91128882854356,
  "sharpness": 48.5502099003281,
  "boominess": 30.154981658470202,
  "reverb": 1
}