{
  "hardness": 59.6238342305993,
  "depth": 52.788578326221014,
  "brightness": 62.01872732160664,
  "roughness": 57.37295215220291,
  "warmth": 45.21400081084905,
  "sharpness": 48.43423619412199,
  "boominess": 30.326415932811265,
  "reverb": 1
}