{
  "hardness": 62.57171577676709,
  "depth": 50.96887187841273,
  "brightness": 64.05121306965981,
  "roughness": 59.249770951863084,
  "warmth": 42.85082454657558,
  "sharpness": 51.65007397798081,
  "boominess": 28.877606974481033,
  "reverb": 1
}