{
  "hardness": 62.00061539231922,
  "depth": 51.90744916330097,
  "brightness": 62.92448110360262,
  "roughness": 58.46435885694504,
  "warmth": 43.95278778523201,
  "sharpness": 50.01008285401106,
  "boominess": 29.61788322047617,
  "reverb": 1
}