{
  "hardness": 63.95632623005625,
  "depth": 50.89700679007144,
  "brightness": 64.15977385770549,
  "roughness": 60.06287499021578,
  "warmth": 42.64051733697578,
  "sharpness": 51.712992338711565,
  "boominess": 28.777225604787752,
  "reverb": 1
}