{
  "hardness": 65.57124177266641,
  "depth": 55.825542958854435,
  "brightness": 63.519270933000726,
  "roughness": 55.77532612568783,
  "warmth": 44.988820477080495,
  "sharpness": 52.48865162264059,
  "boominess": 30.26948365547876,
  "reverb": 1
}