{
  "hardness": 65.10060690523926,
  "depth": 56.10617463423846,
  "brightness": 63.4702991276281,
  "roughness": 55.575493323987324,
  "warmth": 45.059323318132485,
  "sharpness": 52.48401977780591,
  "boominess": 30.383436686396152,
  "reverb": 1
}