{
  "hardness": 64.80575919691037,
  "depth": 56.24363985426933,
  "brightness": 63.47529610640846,
  "roughness": 55.22186919896544,
  "warmth": 44.89139445919686,
  "sharpness": 52.49404416540637,
  "boominess": 30.384584362349614,
  "reverb": 1
}