{
  "hardness": 57.28950353585938,
  "depth": 59.41640855219376,
  "brightness": 57.868028870324494,
  "roughness": 49.61200636984303,
  "warmth": 54.11194921101843,
  "sharpness": 46.87270301228072,
  "boominess": 35.76208389333323,
  "reverb": 1
}