{
  "hardness": 63.24812191756763,
  "depth": 53.0988411962747,
  "brightness": 61.0248835894296,
  "roughness": 50.6602742412308,
  "warmth": 45.57605269088792,
  "sharpness": 49.72883552089365,
  "boominess": 29.02252170023617,
  "reverb": 1
}