{
  "hardness": 59.09084200565428,
  "depth": 54.77973539538719,
  "brightness": 63.13607711315333,
  "roughness": 55.550569128199164,
  "warmth": 45.04192099280344,
  "sharpness": 48.42120707327352,
  "boominess": 32.15665638332683,
  "reverb": 1
}