{
  "hardness": 63.4907908786771,
  "depth": 53.063658966129694,
  "brightness": 64.35227728530208,
  "roughness": 56.989533678406396,
  "warmth": 42.27341545022308,
  "sharpness": 51.762946015525706,
  "boominess": 30.41527912426066,
  "reverb": 1
}