{
  "hardness": 60.86460137011784,
  "depth": 54.1666256768287,
  "brightness": 63.324203432914544,
  "roughness": 55.95098450852385,
  "warmth": 44.04614294625729,
  "sharpness": 49.84113747521455,
  "boominess": 31.46683395952192,
  "reverb": 1
}