{
  "hardness": 64.0602393861879,
  "depth": 53.310279502400974,
  "brightness": 64.4394093527986,
  "roughness": 57.84209751076753,
  "warmth": 42.286885650616696,
  "sharpness": 51.835951352311696,
  "boominess": 30.46765805859548,
  "reverb": 1
}