{
  "hardness": 61.1242063751026,
  "depth": 54.23068518275857,
  "brightness": 63.373331061299204,
  "roughness": 56.31657367928463,
  "warmth": 43.951268581019214,
  "sharpness": 49.870354063307005,
  "boominess": 31.463964308554964,
  "reverb": 1
}