{
  "hardness": 61.91550227807835,
  "depth": 54.3844899803775,
  "brightness": 63.43533913945292,
  "roughness": 57.09779364593989,
  "warmth": 43.85284230515888,
  "sharpness": 49.9449399647717,
  "boominess": 31.515248003059593,
  "reverb": 1
}