{
  "hardness": 63.23834213851268,
  "depth": 53.029996702483665,
  "brightness": 64.29262439113607,
  "roughness": 56.4015912248942,
  "warmth": 42.43333407356802,
  "sharpness": 51.729203718317265,
  "boominess": 30.40956409760266,
  "reverb": 1
}