{
  "hardness": 59.35941871706859,
  "depth": 54.922726249693795,
  "brightness": 63.147744294939834,
  "roughness": 56.28338036947357,
  "warmth": 45.012900416017246,
  "sharpness": 48.47930566476089,
  "boominess": 32.21199875762757,
  "reverb": 1
}