{
  "hardness": 58.551714834405885,
  "depth": 54.717732594608925,
  "brightness": 63.10646691009256,
  "roughness": 55.29881778531288,
  "warmth": 45.131686230984265,
  "sharpness": 48.3911110348149,
  "boominess": 32.1614560976204,
  "reverb": 1
}