{
  "hardness": 57.79341156205567,
  "depth": 54.810923611595406,
  "brightness": 63.07566661201399,
  "roughness": 54.58910658483465,
  "warmth": 48.60484810212634,
  "sharpness": 48.3689457468963,
  "boominess": 32.20853141471549,
  "reverb": 1
}