{
  "hardness": 68.27636649043635,
  "depth": 61.37785334296936,
  "brightness": 63.358099043231,
  "roughness": 54.502820007873126,
  "warmth": 44.79009326785628,
  "sharpness": 54.402838365504664,
  "boominess": 36.05249268974503,
  "reverb": 1
}