{
  "hardness": 66.81492439988347,
  "depth": 62.79921921658051,
  "brightness": 62.471541644642386,
  "roughness": 49.75177799157327,
  "warmth": 45.3952086514682,
  "sharpness": 54.05696595302299,
  "boominess": 37.2511327096068,
  "reverb": 1
}