{
  "hardness": 67.37329293216635,
  "depth": 62.49613215063076,
  "brightness": 62.72869295713274,
  "roughness": 51.47422241481613,
  "warmth": 45.118088493473216,
  "sharpness": 54.13330326861244,
  "boominess": 36.88168477799144,
  "reverb": 1
}