{
  "hardness": 65.46965469823027,
  "depth": 54.52097638703948,
  "brightness": 61.75153250260024,
  "roughness": 55.42330124920628,
  "warmth": 43.23957205795424,
  "sharpness": 50.754886802357476,
  "boominess": 29.394857816667304,
  "reverb": 1
}