{
  "hardness": 64.392491098434,
  "depth": 53.36536271149921,
  "brightness": 61.06859755614577,
  "roughness": 53.460454103162164,
  "warmth": 43.20239801977327,
  "sharpness": 49.81203248254439,
  "boominess": 29.15504051956979,
  "reverb": 1
}