{
  "hardness": 65.05041989190534,
  "depth": 54.931037834735164,
  "brightness": 62.373682227868414,
  "roughness": 54.76832641348071,
  "warmth": 42.99486875027158,
  "sharpness": 51.494804753205386,
  "boominess": 29.409472400711685,
  "reverb": 1
}