{
  "hardness": 65.15234796911386,
  "depth": 53.73567118937395,
  "brightness": 61.14628074820389,
  "roughness": 54.82518252902052,
  "warmth": 43.33856041359661,
  "sharpness": 49.93486579224955,
  "boominess": 29.27129850705664,
  "reverb": 1
}