{
  "hardness": 65.65319819557712,
  "depth": 55.15485148748676,
  "brightness": 62.43872010213303,
  "roughness": 56.12532666803786,
  "warmth": 43.01869779475951,
  "sharpness": 51.5791680055179,
  "boominess": 29.474766396648313,
  "reverb": 1
}