{
  "hardness": 64.017721081779,
  "depth": 53.168557714275074,
  "brightness": 61.029084375014094,
  "roughness": 52.16429513371828,
  "warmth": 43.08674139333135,
  "sharpness": 49.742053216331556,
  "boominess": 29.08458262384324,
  "reverb": 1
}