{
  "hardness": 64.75575905497308,
  "depth": 54.23884847146015,
  "brightness": 61.679257387757126,
  "roughness": 54.089487137742935,
  "warmth": 43.20449344215743,
  "sharpness": 50.65168604479098,
  "boominess": 29.30857498898633,
  "reverb": 1
}