{
  "hardness": 64.43650218485388,
  "depth": 54.100389498807736,
  "brightness": 61.646193621739314,
  "roughness": 52.861207954867396,
  "warmth": 43.16736679847193,
  "sharpness": 50.59953741537856,
  "boominess": 29.260952472354706,
  "reverb": 1
}