{
  "hardness": 64.65159700278278,
  "depth": 54.848373473281654,
  "brightness": 62.34196063117678,
  "roughness": 53.574396873461154,
  "warmth": 43.03053869431813,
  "sharpness": 51.45730128616256,
  "boominess": 29.378052241342054,
  "reverb": 1
}