{
  "hardness": 66.40262230306215,
  "depth": 63.765628243425475,
  "brightness": 59.978423255405104,
  "roughness": 48.288555247803274,
  "warmth": 44.18139602335945,
  "sharpness": 52.45788353340362,
  "boominess": 38.16174376269747,
  "reverb": 1
}