{
  "hardness": 65.98155032357758,
  "depth": 60.01805888049006,
  "brightness": 61.15796609401259,
  "roughness": 52.60503665055676,
  "warmth": 43.58852106597627,
  "sharpness": 51.806677658712005,
  "boominess": 34.7307673461997,
  "reverb": 1
}