{
  "hardness": 67.52308251352753,
  "depth": 62.844202384907376,
  "brightness": 61.12063388363685,
  "roughness": 51.77543261323855,
  "warmth": 43.5810549834436,
  "sharpness": 53.0989235281444,
  "boominess": 37.02855794515037,
  "reverb": 1
}