{
  "hardness": 66.59746371924834,
  "depth": 61.7626122049466,
  "brightness": 60.784346973340554,
  "roughness": 51.34920988524285,
  "warmth": 43.75965519554126,
  "sharpness": 52.34707717506913,
  "boominess": 36.13049994275865,
  "reverb": 1
}