{
  "hardness": 65.92969788414976,
  "depth": 62.296341377166655,
  "brightness": 60.36647026320152,
  "roughness": 50.057773724583704,
  "warmth": 44.10763570139748,
  "sharpness": 52.10929055401992,
  "boominess": 36.62847347172971,
  "reverb": 1
}