{
  "hardness": 65.39364792801635,
  "depth": 60.53027472715811,
  "brightness": 60.8251953619702,
  "roughness": 51.61085133684402,
  "warmth": 43.94899572747243,
  "sharpness": 51.59881095126998,
  "boominess": 35.18429824146858,
  "reverb": 1
}