{
  "hardness": 66.5951465694875,
  "depth": 59.41803538082215,
  "brightness": 61.58359626873293,
  "roughness": 54.03083319798573,
  "warmth": 43.21704983514297,
  "sharpness": 52.081789393319866,
  "boominess": 34.21578616998852,
  "reverb": 1
}