{
  "hardness": 66.89889653250671,
  "depth": 63.330842519112636,
  "brightness": 60.47780804327741,
  "roughness": 49.86187623489729,
  "warmth": 43.926016517208154,
  "sharpness": 52.73814611353588,
  "boominess": 37.62784420866537,
  "reverb": 1
}