{
  "hardness": 66.98387103529959,
  "depth": 61.171665342460244,
  "brightness": 61.31523088067807,
  "roughness": 53.031279115137984,
  "warmth": 43.45743255752399,
  "sharpness": 52.65821982977946,
  "boominess": 35.57354968873678,
  "reverb": 1
}