{
  "hardness": 60.73350926277587,
  "depth": 57.16132749564727,
  "brightness": 60.65169305260865,
  "roughness": 53.89309052655825,
  "warmth": 51.81862699588338,
  "sharpness": 49.19690224284731,
  "boominess": 33.316220360837015,
  "reverb": 1
}