{
  "hardness": 59.763935742421666,
  "depth": 57.62615505730942,
  "brightness": 60.39741758533088,
  "roughness": 52.635619643781645,
  "warmth": 51.92998834113587,
  "sharpness": 49.00669108775563,
  "boominess": 33.826484004934784,
  "reverb": 1
}