{
  "hardness": 61.464318770178295,
  "depth": 55.92869001164545,
  "brightness": 61.139429869735224,
  "roughness": 55.91914755051018,
  "warmth": 51.3138121503036,
  "sharpness": 49.5237771983915,
  "boominess": 32.43323500041507,
  "reverb": 1
}