{
  "hardness": 67.50563951065087,
  "depth": 52.408106488915834,
  "brightness": 67.58698419107009,
  "roughness": 61.731904917934855,
  "warmth": 39.36226295754565,
  "sharpness": 56.0201755965351,
  "boominess": 28.281886114587227,
  "reverb": 1
}