{
  "hardness": 61.26708966829847,
  "depth": 59.16157343586903,
  "brightness": 58.95546854790346,
  "roughness": 54.956255011318056,
  "warmth": 48.94099503000128,
  "sharpness": 47.81991840696148,
  "boominess": 33.79590561661631,
  "reverb": 1
}