{
  "hardness": 63.52408255362482,
  "depth": 55.56268290434989,
  "brightness": 62.93240493951767,
  "roughness": 56.124472165730246,
  "warmth": 44.86152774257418,
  "sharpness": 51.78406519547752,
  "boominess": 31.693992806477738,
  "reverb": 1
}