{
  "hardness": 64.51845314501563,
  "depth": 56.53304412398897,
  "brightness": 63.10359942350583,
  "roughness": 57.376576482008616,
  "warmth": 44.54693020799893,
  "sharpness": 51.91690137842866,
  "boominess": 31.345686485649694,
  "reverb": 1
}