{
  "hardness": 65.3695235824211,
  "depth": 56.272777766914025,
  "brightness": 63.276996561864735,
  "roughness": 58.83139257354596,
  "warmth": 44.29003991832846,
  "sharpness": 52.05800050413673,
  "boominess": 31.023595253614612,
  "reverb": 1
}