{
  "hardness": 68.47691941956293,
  "depth": 52.2157781900811,
  "brightness": 67.6940271917423,
  "roughness": 62.990282865186074,
  "warmth": 39.16575289242896,
  "sharpness": 56.11284879371071,
  "boominess": 27.991267903734936,
  "reverb": 1
}