{
  "hardness": 66.68939137959282,
  "depth": 51.554622614290835,
  "brightness": 67.46355213500324,
  "roughness": 60.68377986320299,
  "warmth": 39.64609543422561,
  "sharpness": 55.921925622990614,
  "boominess": 28.615707694146053,
  "reverb": 1
}