{
  "hardness": 59.24937718811498,
  "depth": 59.65706510565577,
  "brightness": 58.48478033336829,
  "roughness": 52.82994529838976,
  "warmth": 49.51841914894795,
  "sharpness": 47.42243725224951,
  "boominess": 34.54087674369498,
  "reverb": 1
}