{
  "hardness": 60.47462152418109,
  "depth": 59.382931326451356,
  "brightness": 58.71633903655651,
  "roughness": 53.83033363642107,
  "warmth": 49.202141899115716,
  "sharpness": 47.60996973526532,
  "boominess": 34.14860043835513,
  "reverb": 1
}